CustomerID,Name,Country
1fad2538-1471-49e8-9073-903794cc4bd1,Aaron Cantrell,Andorra
fb1d01eb-0e2b-453e-9800-44c843ecf18f,Steven Smith,Solomon Islands
a78a7d8d-fbb1-40f8-be6b-843347d9fbda,Dawn Miles,Niue
ed27deb1-d09d-49ec-81da-61770b30feaa,James Carr,Anguilla
41b319a2-10ef-4ca3-9568-9384547b132d,Sarah Miller,Saint Barthelemy
ec71fb0a-b6a0-449b-bbfb-898cd20fcc67,Antonio Obrien,Slovenia
22612f28-014e-4f3e-99d0-7bca2ff7403a,Kevin Mccoy,Kuwait
da2e81aa-5941-483f-8a00-7afe1c91ec89,Michael Roberts,Belarus
a87535c2-8d2a-4587-a573-8e952ccb7e21,Marc Swanson,Tokelau
a871dcb6-3ad6-495c-b94f-83e5647b2826,George Chavez,Martinique
8968cd7c-274f-4fd0-9b56-fe6eddbbe976,Kathy Rivera,Nicaragua
32f24da3-5339-4669-966b-701ac6f7e96f,Savannah Wagner,United Arab Emirates
1986c79f-a920-40be-9d92-e902ff557779,Barbara Obrien,Vietnam
0291c262-1a9e-40c4-91f2-2c9e1befaa36,Samantha Olson,Sri Lanka
978f398b-ef5f-446a-979f-f5654de7e65f,Christopher Peterson,British Indian Ocean Territory (Chagos Archipelago)
34eb6a6a-ff28-4803-b573-1b91209bc767,Brian Soto,Malaysia
7d55a702-cdad-43cb-98aa-91083daff075,Christopher Mays,Singapore
35813e23-422b-4546-be34-88c97b6aefb0,Dr. Steve Clark,Syrian Arab Republic
ae38df52-61ff-4797-9811-c7deea1a7db0,Kathryn Nunez,Turks and Caicos Islands
596a4f04-4bb3-4422-9c7d-c3fd055ac31c,Miss Jessica Bridges MD,Japan
ab8558e2-c10a-4aff-96d1-779478628ed0,David Torres,Holy See (Vatican City State)
99bb522e-fca3-4a91-a52f-342b715308d0,Joel Young,Hong Kong
eebcdaa0-6c19-48f2-a90a-d6b61b5bba14,Mary Berry,Greece
3ddda171-2ec7-41e2-bd82-9b79b838ed4d,Sara Taylor,Papua New Guinea
22b5689e-c77a-434e-b41f-cdd1aece5c5a,Mrs. Kayla Rodriguez,Antarctica (the territory South of 60 deg S)
dd8d6dc6-e02b-45be-ad6a-b4cd9c4771f3,Heather Buck,Ireland
075d762b-278e-4667-8d1e-20a399bc62fe,David Romero,Yemen
fa757a35-19d9-43e9-9bf7-e7a3ab07d0a7,Monica Fitzgerald,Mexico
6c00d420-a289-472e-a42b-39887400fd5d,John Gibson,Kyrgyz Republic
99da78f6-b638-495d-b38b-74b27a6d6105,Michele Cummings,Argentina
58c65b52-0850-49fd-9188-c3d4b9aed26b,Katherine Stanley,Paraguay
12582f2b-d5c5-4d72-b43c-7e7b4753215e,Kenneth Taylor,Lesotho
dd8f2562-619e-47a5-9c08-a08e10b0bcb1,Breanna Reed,France
ecb265d8-5043-4b9f-a4c4-d998945a546b,Victoria Williams,Morocco
53d96cd7-8b46-4b81-949f-cda4622e1fbb,William Garner,Sierra Leone
1ef82402-77d7-4aed-ae83-b876a0fa1c9d,Janet Curtis,Congo
d50dcb1e-6f33-4c0d-ad94-c954ca202bd9,Katrina Patterson,Eritrea
ddad9cb4-c7ec-4780-bd7c-6b34b91189b6,Kathleen Santos,France
9b10bc12-a5bb-45fc-9a2c-93d5ae84992a,Michelle Dunn,Ecuador
0b5ecd1d-eca5-4bef-86ba-12c456961bca,Joel Wilson,Nepal
2f2489b8-5922-4823-a75b-205c6985e21d,Nicholas Vargas,Reunion
e00513da-2e40-4933-bc2c-169a717079a4,Timothy Bowman,Nauru
c24b61b0-7cae-4af5-9193-f37ad475699b,Christina Alvarez,New Zealand
0cdfefe6-51fc-45da-bba6-777cf08d49c3,Anthony Gonzalez,Mozambique
48093229-4552-4615-aaea-ebceea0959b3,Andrea Jones,Turkey
e1cc5dfc-30e9-45b1-9d5f-77f17b32d8b2,Harold Cooper,Togo
a4db85e1-4d0f-4155-bdde-09a536c6d0ca,Dustin Edwards,Sri Lanka
031837c7-f1f2-418c-ab62-013484446a67,Donald Summers,Martinique
8d0008dd-5b8e-45d0-84a0-3b65d31d2360,Crystal Lindsey,Portugal
3c815596-cf2e-4984-87ec-8ee332fb3e64,Jonathan Castillo,Japan
eeaec0c8-c1ad-4eab-816b-b5d671979d2e,Matthew Thompson,Liechtenstein
cee3e749-2487-4500-8f03-927ecb811053,Alexandra Powell,Tuvalu
3b0aa7ee-e4de-471a-88a3-2a1d16bb6141,Robert Castro,French Polynesia
13afed8d-00ba-44c1-a667-1ec2699e9dee,Krystal Cherry,Wallis and Futuna
5df3a451-60e1-4365-92d4-c00dbf41575e,Gabrielle Greer,Zimbabwe
9e622eed-96aa-4103-bceb-f97e62752422,Trevor Fowler,New Caledonia
0a5e2732-02b3-4e54-b5d4-605ea7fe4aaa,Jeffrey Perry,Aruba
4ead85f8-15f4-4634-8eb0-1cdaabd2befa,Alicia Howard,Gabon
06fe19e6-09ee-431e-9bbd-d305f2ff50a4,Theresa Thomas,Saint Martin
5b0fd430-4726-4010-9988-887c2fc0fcaf,Ian Henderson,Poland
1568893b-f897-4009-9523-16395af654a5,Jeffery Harrell MD,Tonga
536959da-23a4-42f9-8d6d-988e975c9317,Lisa Johnson,Albania
4c479bdb-4722-429c-a85b-31a3f8d0ec3b,Margaret Farmer,Iran
2cea48e1-6517-4c87-8aa9-11f0912cd7f6,Anne Fritz,Guatemala
a70a2ce2-fa45-4c72-bbab-a4d6ca541105,Lynn Pruitt,Albania
96cef2df-40d3-4520-b9f1-412b21a192a2,Javier Campbell,Morocco
ca60f0f0-eed2-46ed-81df-4ed6089f2645,Tony Moody,United Kingdom
d12b0fd5-a3f2-43d4-ad05-5b0b49ec6688,Sara Robbins,Anguilla
413d671a-e741-4d1a-9f55-c81377c9eaa3,Martin Hamilton,Turks and Caicos Islands
5a6969d8-a02f-4062-92f9-9ca65c463c68,James Wilkins,Romania
9e004a5a-a7bb-49cd-b63b-95f1456613f4,Jose Cohen,South Africa
ebfb1c43-6ba4-4c44-8673-79810932fec9,Jonathan Norris,Rwanda
3463a4cd-174e-4b4d-b4e1-b761e5dcac3f,Carmen Curry,Eritrea
3085d350-fd25-4b1e-85b5-fcebde3c6ed4,Luis Torres,Mauritania
5c3fb9e2-616b-4f24-8f4b-b01225c715db,Logan Johnson,Slovakia (Slovak Republic)
e48dccb6-bc53-476b-86f8-d4e4bb70e679,Jonathan Torres,Honduras
af0d0110-0e4c-4883-82af-295ee9ce12ee,Cassandra Smith,Saudi Arabia
f65d516a-d0ae-48c8-81bf-30072cf00a9c,Jacob Singh,Iceland
8aa12930-7dac-42e1-bd60-da762fd59f8c,Jason Gonzalez,Trinidad and Tobago
2252fa4d-aad7-4598-85df-f0c46ac7afa9,Derek Garrett,Egypt
49ca130e-0a84-4469-9ba7-c4079d7c0075,Mark Allen,Uganda
9a4809c5-226d-4918-b2fa-639b23bc69e4,Michelle Hall,Pakistan
20eee3b9-6df0-47df-b5d5-6a85b0ce1b20,Deborah Moore,Malawi
3f312003-b2b3-4a71-8d63-d8f5870da077,Michael Chavez,Luxembourg
255f595d-dbaf-4117-904d-385e4c168381,Kaitlin Maxwell,Macao
ae69991a-3404-4e52-85c0-0568d83183e7,Matthew Miller,Nepal
483d12d4-40e3-4121-abca-e6ca5d976cab,Christian Curry,Israel
d54f7f96-03fe-4917-9f66-352a55f6f77b,Lisa Day,Dominican Republic
4f38a2b6-0d5a-42de-97d2-ead88c5c25b8,Ann Johnson,Fiji
541f8f25-30e7-4d97-844d-03d74d244541,Richard Good,Russian Federation
b287fb9f-dc5d-48f8-a7c5-07f0bab75276,Wanda Hansen DVM,Syrian Arab Republic
d14f35c2-f132-4f87-8f31-44524f109cca,Tracy Terrell,Guinea
dead4c0e-a29b-40a4-b0b9-317d18b011d7,Robert Warren,Hungary
da560a79-8368-4960-a9a2-62200f6fcf33,Roberto Hall,India
0f99e770-c084-4026-89b8-e0e6453ac4a7,Cody Mcdaniel,Luxembourg
70def46d-9339-457b-b98c-2af480203d38,Barbara Holt,Uganda
f52c00f6-561e-4aaf-8594-7edc6c41104e,Nicole Elliott,Martinique
0c93b372-9de0-486e-85a1-d9914dd45040,Sheri Griffin,Greece
cbc8a8e7-ba2c-4a5e-9de2-5589f65a1320,Sarah Phelps,Sudan
7745d3dd-44c2-44a5-a2cd-a0e36d9cb154,Michelle Nguyen,Barbados
663ca3b0-619c-42ad-98ec-885b57064d47,Sara Bennett,Cyprus
fe79ec5d-6989-43c6-8e37-86a1f9a08e9c,Ivan Hale,Dominica
42012bdc-7957-4729-99b7-68be8d7aafce,Samantha Perry,Norfolk Island
e68bc87e-52ef-44f9-9e7e-5bfd99b2ff65,John Morris,Iran
983c92b1-6c42-48e1-ae7f-4eba2450943c,Lisa Scott,Norfolk Island
7325b477-16a7-4186-9b15-e662a09bc9e3,Maria Hernandez,Myanmar
ea4cdb7f-1559-49ee-90c7-854f80967575,Pam Quinn,Saint Vincent and the Grenadines
e0b61874-3215-493e-bb04-55f6b421bb88,Joshua Valencia,Equatorial Guinea
48a814c9-6e12-431e-a24a-82a385726911,Elizabeth Ferguson,Guyana
784245b4-e5a5-4eda-9bc3-c3c68152103e,Natasha Ward,Australia
74a3de7d-1bb0-487a-9e06-82128cc52dfd,Phyllis Diaz,Luxembourg
a40be35e-ac85-4f9a-a419-3ed757ae002e,Robert Golden,Saint Martin
c0bbc1b0-6c8d-41e4-8681-06927e8a066d,Samantha James,Nauru
4ec128d0-766a-419e-a3dd-0feebb037152,Joseph Hernandez,Bolivia
39f2ba6c-ffa5-49b2-8607-30594423bdcc,Alex Lopez,Palestinian Territory
6f8ab96d-7463-40db-8473-f4508a686992,Richard Roberts,Gabon
e9cce518-b490-47c7-9898-9806e846492f,Mark Marsh,Belarus
535835de-7350-42a5-b2ea-a3e2d1056d0f,Lisa Baker,Reunion
f523ea01-b56f-486c-8fd0-ed7d0b7127bc,Barbara Knapp,Tunisia
ac4f65d0-78e4-4f1b-961d-7951c4b45256,Daniel Parker,Kenya
e71c36fb-c8b0-4d96-a495-c15464388921,Heather Dunn,Aruba
86829b20-91e5-4f09-8dd7-a50a5ebe0aa1,Travis Lawrence,Sierra Leone
dbf0a8e0-1d7f-4fa7-b7e5-cad4f00cab68,Aaron Williams,Myanmar
c7400c3b-ca61-45d1-8d20-55e12b6d4dbb,Amanda Crawford DDS,Mali
cabb8464-5db1-4f57-998c-1c94e9a73285,Sara Kim DVM,Saint Barthelemy
5ad0a761-57a0-4e7b-a9f0-40bf5a18ef03,John Moore,Benin
0e4b8169-2031-4f73-92d6-862f8f4ccc5b,Mark Taylor,Colombia
db2961d4-af4a-4d5d-bdb3-cc589222d780,Sarah Fitzgerald,Algeria
efe06287-6c13-4b1f-b4ec-b6d5a60adb87,David Lee,Vanuatu
99df2a59-2c95-43a0-97d1-c70c517ef173,Monica Ponce,Libyan Arab Jamahiriya
55480f43-8e49-48b2-8591-cd45e42632ee,William Cook,Niger
17e0ed07-872f-465a-b0e9-f2a590ddf77f,Debbie Edwards,British Indian Ocean Territory (Chagos Archipelago)
ee054954-b9a0-421e-9b32-f62be0ab18b3,Richard Alexander,Congo
54c1813c-f093-4dfa-9089-159a440471ec,Randy Thompson,Burkina Faso
9d133f48-4d9c-47d7-8dfa-26f4aa21b9e4,David Dunn,Western Sahara
a22bbf39-107e-45af-b1ed-8360305bda88,Gary Wolf,China
04e8e2e6-1437-4e9b-a438-ce13a2b3320d,Devon Nichols Jr.,Cambodia
4e91e944-684a-44d8-aa6c-5160deeda78b,Brooke Hancock,Guatemala
1d00d9c9-853a-4b50-9fc0-1d990dd53e26,Jeremy Jones,Japan
b1d59c40-ca72-42f6-a57f-9c64acd15c83,Johnny Alvarado,Austria
dbc016b4-8194-49ad-8cdb-34303275f1bc,Christy Campbell,Ghana
643c88a2-ef26-4cbe-9020-d6c9df0be2fc,Ashley Harris,Slovakia (Slovak Republic)
6d7ac485-2c6a-4721-9226-504d39edfaa8,Robert Alexander,Slovakia (Slovak Republic)
d7126abd-3e6c-4d56-89cf-f0cf8db901ef,Daniel Blackburn,Hong Kong
b97954d4-cec8-4073-a8ff-a826c66d534a,Stephanie Bass PhD,Liechtenstein
97027cd5-7ff3-4823-902c-b1d71700c09d,Heidi Roy,Cyprus
d2c7fb55-71cb-403d-83c9-be08323d9930,Donald Cabrera,Cote d'Ivoire
3391fefc-b6f5-4e42-bbe6-48af12d314c8,Brandi Stokes,Germany
0584eec1-306b-4967-bd16-ccc8675ac511,Maria Frazier,Ghana
dfe8632d-1cbe-48a3-be0f-390dd4346e0d,Brett Alvarado,Greenland
2848e468-1fe0-4f06-b5fa-1614d200bb98,David Allen,Burkina Faso
d08f1acf-50ec-486f-8a03-27f0557a2bcb,Derek Cole,Trinidad and Tobago
971de305-00c8-424b-b2e9-f6ad873aaf3c,Rachel Patterson,Antigua and Barbuda
07632752-f650-4a5b-b023-b53d33c82736,Holly Taylor,Sao Tome and Principe
0264e57c-109e-47d2-a09d-cf1e3935ae56,Mark Stewart,Mayotte
0d0773ca-9d1d-4fb2-8b84-60b611f87b80,Daniel Wright,Ghana
eb529aa1-adf7-40d8-af4a-c8741d0455c4,Danielle Padilla,Cameroon
d27f787d-4e26-4a69-80ab-19f3a7537399,Aaron Miller MD,Kiribati
e30e06a9-48e2-4745-a9e1-b49f1388145a,Lisa Frank,Turkmenistan
e1534e84-ee89-4b4b-8ef4-41add1d21267,Lauren Scott,Azerbaijan
cbdc6aad-bea1-4b13-bfa1-b2aff19f26ea,Kyle Thompson,Swaziland
0f931602-d2e6-40c5-8a5c-293f7ff110a9,Daniel Mills,Egypt
9a5a1a19-0e29-44ec-9724-3259f10d42f2,Stephen Fox,Israel
8c806be9-927c-43ea-953d-e2499f0f5a4b,Laura Swanson,Korea
b454648d-d9e3-4c0e-a929-a5d7beaa3270,Theresa Smith,Thailand
43ae1ec4-85d0-4442-a16e-d63c26adfd88,Nancy Pierce,Bahamas
0de70015-518d-41d4-bdca-5b006fbea644,Lindsey Thompson,Sri Lanka
c1b07db6-ce1f-459d-b87d-601a879366b7,Dakota Solomon,Luxembourg
74fec3d6-7e92-4dce-af6a-af9a03bc9cc4,Jacqueline Perkins,Latvia
ca960b6d-732d-48ff-9285-60ded515e3cf,Lauren Harris,Saint Vincent and the Grenadines
2bc431d5-7413-4519-a24a-ee08f9452cc0,Tyrone Gordon,Canada
d1d7103b-fd8c-4992-a501-a4bfe58877d5,Megan Howell,Tunisia
48949467-3fc8-41df-b532-cd96aaceecee,Dwayne Gutierrez DVM,Mayotte
96d512e0-2fc3-48b3-8093-bc6840a3b4aa,Christopher Baker,Namibia
78b39fa0-39de-4558-8eba-ff62af39c5b2,Jeremy Kim,Belize
331517da-b341-42b6-b3d8-fe6f10ae0053,John Myers,Christmas Island
9e201ce5-d85a-445d-b859-126345f211f3,Devin Brooks,Saint Barthelemy
68563cb3-ff51-4ac8-9b7d-87f9ea17f10d,Darren Jones,Denmark
28e7597a-312a-42c4-a343-ca13bad5d3b0,Christopher Payne,Mayotte
702ded96-db7d-4e40-b26d-40c3960749a9,Dr. William Jensen MD,Bouvet Island (Bouvetoya)
fe6ca486-f1c9-4809-a548-cb53827d6e94,Anthony Scott MD,Burkina Faso
93fafb73-d8d1-41a5-9413-fee5caf63a41,Amanda Yoder,Seychelles
b0a3f25a-ad53-4c7f-a6e4-94e8a451ce6c,Emma Lopez,South Georgia and the South Sandwich Islands
c190534b-2159-40f9-b10f-c17acf47e12d,Katelyn Cook,Hong Kong
dec4cab2-a084-45e6-9805-d64841c1aecc,Nancy Gordon,Romania
af8c6586-4830-417a-b37b-ea6ccc20e587,Shannon Ramirez,Costa Rica
cc77803f-25e9-4e6c-849f-2c16e5c7389b,Laura Wilson,Iran
fa15618a-3643-4f1f-8c46-21b92e9a933d,Lori Gordon,Romania
8f0b46a5-4620-457e-9b2a-0e3a7f6b36ca,Mr. Thomas Fernandez,Tonga
d2971bd0-57fb-4551-ab5a-c8a705df6ccd,Nicole Gray,Spain
4a23463c-08b8-473b-8f96-42932a833ad0,Gregory Brown,Nigeria
b8558063-bd52-4b86-bc6c-916e18f14a94,Matthew Campbell,Nepal
f0f85caf-df8a-4a3f-8377-c2cd449c262d,Christopher Chavez,Northern Mariana Islands
17efcc4e-65e6-4fc3-b18d-c808bac6e359,Veronica Robinson,Qatar
2d4508f5-5a4e-4498-bb71-d2df85177591,Nathaniel Johnson,Gibraltar
f1bb7fae-1dfa-4bdb-8e96-4511d9554509,Audrey Ortega,Georgia
bbe99d27-91ec-4c7f-a431-1693ccbf9f18,Andrea Spencer,Maldives
19c589c5-263b-4dae-ba7b-4b8e38748cda,Thomas Kelley,British Virgin Islands
5c1cf46d-d956-42a0-8503-3c114f14570b,Chelsea Tucker,Greenland
bc2e051b-3b8b-4311-8d12-3ba491d5fc72,Carrie Rhodes,Albania
